player,season,team,position,games_played,goals,assists,points,plus_minus
Connor McDavid,2025-26,EDM,C,82,48,90,138,17
Nikita Kucherov,2025-26,TBL,R,76,44,86,130,43
Nathan MacKinnon,2025-26,COL,C,80,53,74,127,57
Macklin Celebrini,2025-26,SJS,C,82,45,70,115,8
Mark Scheifele,2025-26,WPG,C,82,36,67,103,0
Nick Suzuki,2025-26,MTL,C,82,29,72,101,37
Martin Necas,2025-26,COL,C,78,38,62,100,47
David Pastrnak,2025-26,BOS,R,77,29,71,100,4
Leon Draisaitl,2025-26,EDM,C,65,35,62,97,13
Jason Robertson,2025-26,DAL,L,82,45,51,96,22
Evan Bouchard,2025-26,EDM,D,82,21,74,95,25
Kyle Connor,2025-26,WPG,L,82,39,53,92,-2
Jack Eichel,2025-26,VGK,C,74,27,63,90,23
Kirill Kaprizov,2025-26,MIN,L,78,45,44,89,10
Cole Caufield,2025-26,MTL,R,81,51,37,88,29
Jake Guentzel,2025-26,TBL,C,81,38,50,88,13
Clayton Keller,2025-26,UTA,R,82,26,62,88,21
Wyatt Johnston,2025-26,DAL,C,82,45,41,86,-5
Matt Boldy,2025-26,MIN,L,76,42,43,85,18
Alex DeBrincat,2025-26,DET,R,82,41,44,85,8
Artemi Panarin,2025-26,"NYR, LAK",L,78,28,56,84,-7
Tim Stützle,2025-26,OTT,C,80,34,49,83,7
Tage Thompson,2025-26,BUF,C,81,40,41,81,-6
Zach Werenski,2025-26,CBJ,D,75,22,59,81,7
Sebastian Aho,2025-26,CAR,C,79,27,53,80,11
Mitch Marner,2025-26,VGK,R,81,24,56,80,17
William Nylander,2025-26,TOR,R,65,30,49,79,-14
Cale Makar,2025-26,COL,D,75,20,59,79,32
Mika Zibanejad,2025-26,NYR,C,81,34,44,78,-20
Lane Hutson,2025-26,MTL,D,82,12,66,78,36
Jack Hughes,2025-26,NJD,C,61,27,50,77,0
Mikko Rantanen,2025-26,DAL,R,64,22,55,77,0
Lucas Raymond,2025-26,DET,L,80,25,51,76,1
Quinn Hughes,2025-26,"VAN, MIN",D,74,7,69,76,-4
Filip Forsberg,2025-26,NSH,L,82,40,35,75,-2
Connor Bedard,2025-26,CHI,C,69,30,45,75,-18
Brandon Hagel,2025-26,TBL,L,71,36,38,74,34
Nick Schmaltz,2025-26,UTA,C,82,33,41,74,17
Sidney Crosby,2025-26,PIT,C,68,29,45,74,0
Ryan O'Reilly,2025-26,NSH,C,81,25,49,74,8
Rasmus Dahlin,2025-26,BUF,D,77,19,55,74,18
Dylan Guenther,2025-26,UTA,R,79,40,33,73,7
Adrian Kempe,2025-26,LAK,R,81,36,37,73,14
Juraj Slafkovský,2025-26,MTL,L,82,30,43,73,9
Mark Stone,2025-26,VGK,R,60,28,45,73,26
Mathew Barzal,2025-26,NYI,C,81,19,53,72,10
Drake Batherson,2025-26,OTT,R,79,33,38,71,-7
John Tavares,2025-26,TOR,C,82,31,40,71,-28
Nikolaj Ehlers,2025-26,CAR,L,82,26,45,71,8
Jesper Bratt,2025-26,NJD,L,82,22,49,71,-11
Andrei Svechnikov,2025-26,CAR,R,79,31,39,70,1
Darren Raddysh,2025-26,TBL,D,73,22,48,70,21
Cutter Gauthier,2025-26,ANA,L,76,41,28,69,-2
Gabriel Vilardi,2025-26,WPG,C,82,30,39,69,-12
Morgan Geekie,2025-26,BOS,C,81,39,29,68,-5
Travis Konecny,2025-26,PHI,R,77,27,41,68,14
Dylan Larkin,2025-26,DET,C,74,34,33,67,3
Leo Carlsson,2025-26,ANA,C,70,29,38,67,4
Kirill Marchenko,2025-26,CBJ,R,76,27,40,67,7
Trevor Zegras,2025-26,PHI,C,81,26,41,67,0
Steven Stamkos,2025-26,NSH,C,82,42,24,66,-17
Alex Tuch,2025-26,BUF,R,79,33,33,66,24
Seth Jarvis,2025-26,CAR,C,71,32,34,66,6
Nico Hischier,2025-26,NJD,C,82,28,38,66,-6
Matthew Knies,2025-26,TOR,L,79,23,43,66,-30
Erik Karlsson,2025-26,PIT,D,75,15,51,66,8
Brock Nelson,2025-26,COL,C,81,33,32,65,15
Pavel Zacha,2025-26,BOS,C,78,30,35,65,4
Bryan Rust,2025-26,PIT,R,72,29,36,65,0
Pavel Dorofeyev,2025-26,VGK,R,82,37,27,64,-3
Anthony Mantha,2025-26,PIT,R,81,33,31,64,10
Alex Ovechkin,2025-26,WSH,L,82,32,32,64,-5
Robert Thomas,2025-26,STL,C,64,25,39,64,22
Miro Heiskanen,2025-26,DAL,D,77,9,54,63,9
Tom Wilson,2025-26,WSH,R,72,30,32,62,15
Ivan Demidov,2025-26,MTL,R,82,19,43,62,3
Sam Reinhart,2025-26,FLA,C,64,29,32,61,-18
Ivan Barbashev,2025-26,VGK,L,82,23,38,61,20
Evgeni Malkin,2025-26,PIT,C,56,19,42,61,13
Charlie McAvoy,2025-26,BOS,D,69,11,50,61,13
Jakob Chychrun,2025-26,WSH,D,80,26,34,60,20
Beckett Sennecke,2025-26,ANA,R,82,23,37,60,-12
John Carlson,2025-26,"WSH, ANA",D,71,14,46,60,9
Moritz Seider,2025-26,DET,D,82,10,50,60,15
Dylan Cozens,2025-26,OTT,C,82,28,31,59,-7
Adam Fantilli,2025-26,CBJ,C,82,24,35,59,-13
Will Smith,2025-26,SJS,C,69,24,35,59,1
Matthew Schaefer,2025-26,NYI,D,82,23,36,59,13
Brady Tkachuk,2025-26,OTT,L,60,22,37,59,4
Mikhail Sergachev,2025-26,UTA,D,78,10,49,59,2
Tyler Bertuzzi,2025-26,CHI,L,79,32,26,58,-16
Sam Bennett,2025-26,FLA,C,76,26,32,58,-10
Tomas Hertl,2025-26,VGK,C,82,24,34,58,-17
Charlie Coyle,2025-26,CBJ,C,82,20,38,58,3
Dylan Strome,2025-26,WSH,C,80,19,39,58,2
Jackson LaCombe,2025-26,ANA,D,82,10,48,58,-2
Bo Horvat,2025-26,NYI,C,68,31,26,57,8
Alexis Lafrenière,2025-26,NYR,L,82,24,33,57,-7
Troy Terry,2025-26,ANA,R,61,19,38,57,11
Patrick Kane,2025-26,DET,R,67,16,41,57,-1
Ryan Nugent-Hopkins,2025-26,EDM,C,72,20,36,56,-9
Luke Evangelista,2025-26,NSH,R,81,12,44,56,1
Jordan Eberle,2025-26,SEA,R,80,26,29,55,2
Carter Verhaeghe,2025-26,FLA,C,77,25,30,55,-14
Alexander Wennberg,2025-26,SJS,C,80,18,37,55,-25
Josh Morrissey,2025-26,WPG,D,77,14,41,55,6
Roman Josi,2025-26,NSH,D,68,13,42,55,-15
Brad Marchand,2025-26,FLA,L,52,27,27,54,-16
Viktor Arvidsson,2025-26,BOS,L,69,25,29,54,20
Mats Zuccarello,2025-26,MIN,R,59,15,39,54,-5
Ryan McLeod,2025-26,BUF,C,81,14,40,54,25
Jake Sanderson,2025-26,OTT,D,67,14,40,54,16
Auston Matthews,2025-26,TOR,C,60,27,26,53,-4
Jackson Blake,2025-26,CAR,R,81,22,31,53,4
J.T. Miller,2025-26,NYR,C,68,17,36,53,-30
Vincent Trocheck,2025-26,NYR,C,67,16,37,53,-16
William Eklund,2025-26,SJS,L,78,15,38,53,-31
Adam Fox,2025-26,NYR,D,55,9,44,53,5
Zach Hyman,2025-26,EDM,L,58,31,21,52,13
Aliaksei Protas,2025-26,WSH,L,76,25,27,52,20
Josh Doan,2025-26,BUF,R,82,25,27,52,-4
Anthony Cirelli,2025-26,TBL,C,71,23,29,52,38
Owen Tippett,2025-26,PHI,R,81,28,23,51,-6
Dylan Holloway,2025-26,STL,L,59,22,29,51,13
Jimmy Snuggerud,2025-26,STL,R,70,21,30,51,16
Jack Quinn,2025-26,BUF,R,82,20,31,51,4
Matvei Michkov,2025-26,PHI,R,81,20,31,51,0
Joel Eriksson Ek,2025-26,MIN,C,70,19,32,51,16
Christian Dvorak,2025-26,PHI,C,80,18,33,51,11
Elias Pettersson,2025-26,VAN,C,74,15,36,51,-30
Brock Faber,2025-26,MIN,D,80,15,36,51,18
Chris Kreider,2025-26,ANA,L,75,22,28,50,-4
Matty Beniers,2025-26,SEA,C,82,20,30,50,-8
Brayden Point,2025-26,TBL,C,63,18,32,50,12
Nazem Kadri,2025-26,"CGY, COL",C,77,16,34,50,-30
Shayne Gostisbehere,2025-26,CAR,D,55,13,37,50,11
Quinton Byfield,2025-26,LAK,R,79,24,25,49,-2
Tyler Toffoli,2025-26,SJS,C,79,19,30,49,-12
Valeri Nichushkin,2025-26,COL,R,72,17,32,49,9
Chandler Stephenson,2025-26,SEA,C,80,16,33,49,-24
Marcus Johansson,2025-26,MIN,L,75,15,34,49,18
Claude Giroux,2025-26,OTT,R,82,14,35,49,20
Filip Hronek,2025-26,VAN,D,82,8,41,49,-23
Rickard Rakell,2025-26,PIT,R,60,24,24,48,-2
Brock Boeser,2025-26,VAN,R,75,22,26,48,-48
Artturi Lehkonen,2025-26,COL,L,70,21,27,48,32
Pavel Buchnevich,2025-26,STL,L,81,20,28,48,-10
Taylor Hall,2025-26,CAR,L,80,18,30,48,6
Elias Lindholm,2025-26,BOS,C,69,17,31,48,-7
JJ Peterka,2025-26,UTA,R,82,25,22,47,6
Vladimir Tarasenko,2025-26,MIN,R,75,23,24,47,-11
Noah Cates,2025-26,PHI,L,82,18,29,47,26
Rasmus Andersson,2025-26,"CGY, VGK",D,81,17,30,47,4
Noah Dobson,2025-26,MTL,D,80,12,35,47,5
Bobby McMann,2025-26,"TOR, SEA",C,78,29,17,46,-3
Shane Pinto,2025-26,OTT,C,72,23,23,46,6
Collin Graf,2025-26,SJS,R,81,21,25,46,6
Jordan Kyrou,2025-26,STL,R,72,18,28,46,-5
Connor McMichael,2025-26,WSH,L,78,14,32,46,8
Jason Zucker,2025-26,BUF,L,62,24,21,45,-5
Ryan Leonard,2025-26,WSH,R,75,20,25,45,2
Mason Marchment,2025-26,"SEA, CBJ",L,68,19,26,45,17
Matt Coronato,2025-26,CGY,R,80,18,27,45,-29
Matt Duchene,2025-26,DAL,C,57,16,29,45,-3
Timo Meier,2025-26,NJD,R,77,24,20,44,-16
Lawson Crouse,2025-26,UTA,L,81,24,20,44,20
Alex Laferriere,2025-26,LAK,R,82,21,23,44,3
Logan Stankoven,2025-26,CAR,C,81,21,23,44,12
Anton Lundell,2025-26,FLA,C,64,18,26,44,-8
Roope Hintz,2025-26,DAL,C,53,15,29,44,16
Vince Dunn,2025-26,SEA,D,81,11,33,44,-24
Logan Cooley,2025-26,UTA,C,54,24,19,43,3
Ryan Hartman,2025-26,MIN,R,76,23,20,43,-1
Morgan Frost,2025-26,CGY,C,82,22,21,43,-16
Connor Brown,2025-26,NJD,R,75,18,25,43,-1
Mikael Backlund,2025-26,CGY,C,82,17,26,43,7
Zach Benson,2025-26,BUF,L,65,13,30,43,27
Andrew Copp,2025-26,DET,C,79,9,34,43,3
Jake DeBrusk,2025-26,VAN,L,81,23,19,42,-31
Egor Chinakhov,2025-26,"CBJ, PIT",R,72,21,21,42,-2
Dawson Mercer,2025-26,NJD,C,82,20,22,42,-2
Anders Lee,2025-26,NYI,L,82,19,23,42,0
Thomas Novak,2025-26,PIT,C,82,16,26,42,1
Casey Mittelstadt,2025-26,BOS,C,71,15,27,42,12
Bowen Byram,2025-26,BUF,D,82,11,31,42,15
Mavrik Bourque,2025-26,DAL,C,82,20,21,41,6
Mikael Granlund,2025-26,ANA,C,58,19,22,41,-9
Simon Holmstrom,2025-26,NYI,R,79,19,22,41,4
Mason McTavish,2025-26,ANA,C,75,17,24,41,-15
Frank Nazar,2025-26,CHI,C,66,15,26,41,-21
Mattias Samuelsson,2025-26,BUF,D,78,13,28,41,41
Mattias Ekholm,2025-26,EDM,D,82,6,35,41,32
Jared McCann,2025-26,SEA,L,52,20,20,40,-7
Kevin Fiala,2025-26,LAK,L,56,18,22,40,-11
Justin Faulk,2025-26,"STL, DET",D,78,16,24,40,-8
Kaapo Kakko,2025-26,SEA,R,65,13,27,40,14
Brandt Clarke,2025-26,LAK,D,82,8,32,40,11
Sam Malinski,2025-26,COL,D,82,8,32,40,43
Brayden Schenn,2025-26,"STL, NYI",C,80,18,21,39,-28
Matias Maccelli,2025-26,TOR,L,71,14,25,39,-23
Dougie Hamilton,2025-26,NJD,D,77,12,27,39,-2
Peyton Krebs,2025-26,BUF,C,82,12,27,39,13
Shea Theodore,2025-26,VGK,D,70,10,29,39,19
Oliver Ekman-Larsson,2025-26,TOR,D,78,8,31,39,-6
Joel Farabee,2025-26,CGY,L,82,20,18,38,-9
Will Cuylle,2025-26,NYR,L,82,20,18,38,-12
Erik Haula,2025-26,NSH,L,81,14,24,38,-15
Boone Jenner,2025-26,CBJ,C,67,13,25,38,3
Anze Kopitar,2025-26,LAK,C,67,12,26,38,19
Oliver Kapanen,2025-26,MTL,C,82,22,15,37,4
Vasily Podkolzin,2025-26,EDM,R,82,19,18,37,16
Matt Savoie,2025-26,EDM,C,82,18,19,37,6
Corey Perry,2025-26,"LAK, TBL",R,72,17,20,37,0
Travis Sanheim,2025-26,PHI,D,81,11,26,37,12
K'Andre Miller,2025-26,CAR,D,72,8,29,37,7
Mike Matheson,2025-26,MTL,D,78,7,30,37,9
Dmitry Orlov,2025-26,SJS,D,82,3,34,37,-28
Kiefer Sherwood,2025-26,"VAN, SJS",L,72,23,13,36,-20
Jack Roslovic,2025-26,EDM,C,69,21,15,36,-9
Jordan Staal,2025-26,CAR,C,75,20,16,36,5
Ilya Mikheyev,2025-26,CHI,R,77,18,18,36,2
Jamie Benn,2025-26,DAL,L,60,15,21,36,8
Jake Neighbours,2025-26,STL,L,69,15,21,36,-7
Sean Monahan,2025-26,CBJ,C,78,13,23,36,-1
Sean Couturier,2025-26,PHI,C,78,12,24,36,-5
Max Domi,2025-26,TOR,C,80,12,24,36,-29
Eeli Tolvanen,2025-26,SEA,R,78,12,24,36,-18
Morgan Rielly,2025-26,TOR,D,78,11,25,36,-18
Ryan Poehling,2025-26,ANA,C,75,11,25,36,8
Thomas Harley,2025-26,DAL,D,70,6,30,36,3
John Marino,2025-26,UTA,D,80,4,32,36,42
Parker Kelly,2025-26,COL,C,82,21,14,35,18
Blake Coleman,2025-26,CGY,L,69,20,15,35,12
Jean-Gabriel Pageau,2025-26,NYI,C,74,17,18,35,0
Fraser Minten,2025-26,BOS,C,82,17,18,35,21
Ben Kindel,2025-26,PIT,C,77,17,18,35,-5
Michael Amadio,2025-26,OTT,R,81,15,20,35,13
Linus Karlsson,2025-26,VAN,C,79,15,20,35,-28
Justin Sourdif,2025-26,WSH,C,78,15,20,35,17
Gabriel Landeskog,2025-26,COL,L,60,14,21,35,29
Teuvo Teravainen,2025-26,CHI,C,75,14,21,35,-30
Vladislav Gavrikov,2025-26,NYR,D,82,14,21,35,-8
Ridly Greig,2025-26,OTT,C,77,13,22,35,12
Brent Burns,2025-26,COL,D,82,12,23,35,33
Marco Rossi,2025-26,"MIN, VAN",C,50,12,23,35,-26
Jacob Trouba,2025-26,ANA,D,81,10,25,35,-1
Ryan Shea,2025-26,PIT,D,80,6,29,35,30
Luke Hughes,2025-26,NJD,D,68,6,29,35,-4
Tony DeAngelo,2025-26,NYI,D,76,5,30,35,-5
Justin Brazeau,2025-26,PIT,R,64,17,17,34,5
Matthew Tkachuk,2025-26,FLA,L,31,13,21,34,-6
Josh Norris,2025-26,BUF,C,44,13,21,34,11
Philip Broberg,2025-26,STL,D,81,6,28,34,14
Kris Letang,2025-26,PIT,D,74,3,31,34,-4
Fabian Zetterlund,2025-26,OTT,L,82,17,16,33,-1
Alex Killorn,2025-26,ANA,L,82,15,18,33,-2
Marat Khusnutdinov,2025-26,BOS,C,77,15,18,33,12
Michael Bunting,2025-26,"NSH, DAL",L,74,14,19,33,-24
Conor Garland,2025-26,"VAN, CBJ",R,71,12,21,33,-21
Sam Steel,2025-26,DAL,C,73,12,21,33,3
Andre Burakovsky,2025-26,CHI,L,75,11,22,33,-32
Eetu Luostarinen,2025-26,FLA,C,73,11,22,33,4
Alexander Nikishin,2025-26,CAR,D,81,11,22,33,18
Gage Goncalves,2025-26,TBL,C,74,11,22,33,26
Cole Sillinger,2025-26,CBJ,C,81,8,25,33,2
A.J. Greer,2025-26,FLA,L,78,17,15,32,14
Dmitri Voronkov,2025-26,CBJ,L,63,17,15,32,-1
Nicholas Robertson,2025-26,TOR,L,78,16,16,32,-13
Trevor Moore,2025-26,LAK,L,69,13,19,32,0
Oliver Bjorkstrand,2025-26,TBL,R,80,12,20,32,-14
Cole Perfetti,2025-26,WPG,C,68,12,20,32,-9
Mackie Samoskevich,2025-26,FLA,R,77,12,20,32,-5
Brandon Montour,2025-26,SEA,D,64,11,21,32,-21
Damon Severson,2025-26,CBJ,D,71,8,24,32,18
Jamie Drysdale,2025-26,PHI,D,78,8,24,32,-3
Seth Jones,2025-26,FLA,D,52,7,25,32,-3
Esa Lindell,2025-26,DAL,D,82,6,26,32,30
Emil Heineman,2025-26,NYI,L,82,22,9,31,-13
Michael Carcone,2025-26,UTA,L,79,16,15,31,4
James van Riemsdyk,2025-26,DET,L,72,15,16,31,-17
Evander Kane,2025-26,VAN,L,71,13,18,31,-20
Victor Olofsson,2025-26,"COL, CGY",L,78,13,18,31,5
Arseny Gritsyuk,2025-26,NJD,R,66,13,18,31,-3
Denton Mateychuk,2025-26,CBJ,D,75,13,18,31,12
Jonathan Marchessault,2025-26,NSH,R,62,12,19,31,-18
Evan Rodrigues,2025-26,FLA,C,69,11,20,31,-16
Ivan Provorov,2025-26,CBJ,D,82,9,22,31,14
Sean Walker,2025-26,CAR,D,81,9,22,31,6
Thomas Chabot,2025-26,OTT,D,57,7,24,31,6
Jordan Spence,2025-26,OTT,D,73,7,24,31,15
Josh Manson,2025-26,COL,D,79,5,26,31,42
Matthew Wood,2025-26,NSH,R,71,17,13,30,-3
Ryan Donato,2025-26,CHI,C,82,15,15,30,-16
Bobby Brink,2025-26,"PHI, MIN",R,68,15,15,30,-7
Connor Dewar,2025-26,PIT,C,78,14,16,30,16
Justin Hryckowian,2025-26,DAL,C,81,14,16,30,1
Calum Ritchie,2025-26,NYI,C,65,13,17,30,-14
Emmitt Finnie,2025-26,DET,C,82,13,17,30,-10
Zachary Bolduc,2025-26,MTL,R,78,12,18,30,-6
Artem Zub,2025-26,OTT,D,81,5,25,30,22
Cam Fowler,2025-26,STL,D,82,4,26,30,-11
Parker Wotherspoon,2025-26,PIT,D,80,3,27,30,17
Drew O'Connor,2025-26,VAN,L,82,17,12,29,-12
Yegor Sharangovich,2025-26,CGY,C,78,15,14,29,-20
Alex Iafallo,2025-26,WPG,L,79,13,16,29,3
Pius Suter,2025-26,STL,C,64,13,16,29,13
Jordan Martinook,2025-26,CAR,L,77,12,17,29,6
Ryan Greene,2025-26,CHI,C,81,12,17,29,-14
Jonathan Toews,2025-26,WPG,C,82,11,18,29,-20
Easton Cowan,2025-26,TOR,R,66,11,18,29,-5
Owen Power,2025-26,BUF,D,81,8,21,29,9
J.J. Moser,2025-26,TBL,D,79,7,22,29,41
Charle-Edouard D'Astous,2025-26,TBL,D,70,6,23,29,-4
Rasmus Sandin,2025-26,WSH,D,73,5,24,29,4
Anthony Beauvillier,2025-26,WSH,R,82,15,13,28,7
David Perron,2025-26,"OTT, DET",L,65,13,15,28,-7
J.T. Compher,2025-26,DET,L,82,11,17,28,-13
Yanni Gourde,2025-26,TBL,C,82,9,19,28,-6
MacKenzie Weegar,2025-26,"CGY, UTA",D,79,4,24,28,-33
Noah Hanifin,2025-26,VGK,D,71,3,25,28,0
Gustav Forsling,2025-26,FLA,D,80,2,26,28,-5
Anthony Duclair,2025-26,NYI,L,62,12,15,27,0
Shane Wright,2025-26,SEA,C,74,12,15,27,6
Danila Yurov,2025-26,MIN,R,73,12,15,27,-7
Gabe Perreault,2025-26,NYR,R,49,12,15,27,0
Noah Ostlund,2025-26,BUF,C,60,11,16,27,11
John Klingberg,2025-26,SJS,D,56,10,17,27,-13
Jack Drury,2025-26,COL,C,82,10,17,27,15
Sean Durzi,2025-26,UTA,D,60,5,22,27,-12
Martin Fehervary,2025-26,WSH,D,81,5,22,27,15
Ryan Pulock,2025-26,NYI,D,76,3,24,27,9
Cody Glass,2025-26,NJD,C,70,19,7,26,3
Reilly Smith,2025-26,VGK,R,69,16,10,26,-9
Mathieu Olivier,2025-26,CBJ,R,61,15,11,26,13
Jaden Schwartz,2025-26,SEA,L,50,11,15,26,5
Simon Nemec,2025-26,NJD,D,68,11,15,26,-11
Logan Stanley,2025-26,"WPG, BUF",D,76,9,17,26,3
Braeden Bowman,2025-26,VGK,R,54,8,18,26,-16
Mason Lohrei,2025-26,BOS,D,73,7,19,26,17
Zeev Buium,2025-26,"MIN, VAN",D,76,6,20,26,-33
Hampus Lindholm,2025-26,BOS,D,67,5,21,26,3
Aaron Ekblad,2025-26,FLA,D,72,4,22,26,-5
Cam York,2025-26,PHI,D,74,4,22,26,5
Brady Skjei,2025-26,NSH,D,82,3,23,26,-7
Adam Gaudette,2025-26,SJS,R,66,17,8,25,-9
Joel Armia,2025-26,LAK,R,67,13,12,25,1
Noel Acciari,2025-26,PIT,C,67,13,12,25,14
Alex Newhook,2025-26,MTL,C,42,13,12,25,9
Andrei Kuzmenko,2025-26,LAK,L,52,13,12,25,-4
Connor Zary,2025-26,CGY,C,74,12,13,25,-9
Jonathan Huberdeau,2025-26,CGY,L,50,10,15,25,-9
Barrett Hayton,2025-26,UTA,C,67,10,15,25,3
Jack McBain,2025-26,UTA,C,75,9,16,25,11
Simon Edvinsson,2025-26,DET,D,72,9,16,25,12
Nicolas Roy,2025-26,"TOR, COL",C,74,8,17,25,0
Adam Larsson,2025-26,SEA,D,82,7,18,25,0
Louis Crevier,2025-26,CHI,D,78,7,18,25,-2
Jake McCabe,2025-26,TOR,D,80,5,20,25,3
Jake Evans,2025-26,MTL,C,68,12,12,24,-8
Ethen Frank,2025-26,WSH,R,62,12,12,24,8
Ross Colton,2025-26,COL,C,73,9,15,24,9
Noah Laba,2025-26,NYR,C,74,9,15,24,2
Nick Blankenburg,2025-26,"NSH, COL",D,61,8,16,24,-10
Darnell Nurse,2025-26,EDM,D,82,7,17,24,-12
Freddy Gaudreau,2025-26,SEA,C,68,7,17,24,-1
Jonathan Drouin,2025-26,"NYI, STL",L,64,4,20,24,-5
Devon Toews,2025-26,COL,D,68,3,21,24,37
Artyom Levshunov,2025-26,CHI,D,68,2,22,24,-41
Josh Anderson,2025-26,MTL,R,72,14,9,23,-4
Kailer Yamamoto,2025-26,UTA,R,59,13,10,23,11
Morgan Barron,2025-26,WPG,C,65,11,12,23,5
Nick Cousins,2025-26,OTT,C,81,9,14,23,8
Brendan Gallagher,2025-26,MTL,R,77,7,16,23,0
Mario Ferraro,2025-26,SJS,D,82,7,16,23,-1
Yakov Trenin,2025-26,MIN,C,82,6,17,23,13
Drew Doughty,2025-26,LAK,D,72,5,18,23,4
Ian Cole,2025-26,UTA,D,82,3,20,23,16
Joel Edmundson,2025-26,LAK,D,82,2,21,23,14
Brett Howden,2025-26,VGK,C,58,12,10,22,-9
Mark Kastelic,2025-26,BOS,C,82,12,10,22,6
Pontus Holmberg,2025-26,TBL,R,70,11,11,22,1
Jonatan Berggren,2025-26,"DET, STL",R,51,8,14,22,-5
Tye Kartye,2025-26,"SEA, NYR",L,64,8,14,22,-6
Pavel Mintyukov,2025-26,ANA,D,73,8,14,22,-3
Alexandre Carrier,2025-26,MTL,D,73,7,15,22,2
Kent Johnson,2025-26,CBJ,C,76,7,15,22,-8
Olen Zellweger,2025-26,ANA,D,76,7,15,22,4
Jared Spurgeon,2025-26,MIN,D,79,6,16,22,2
Sean Kuraly,2025-26,BOS,C,82,6,16,22,0
Tanner Jeannot,2025-26,BOS,L,77,6,16,22,-4
Nate Schmidt,2025-26,UTA,D,82,5,17,22,31
Nikita Zadorov,2025-26,BOS,D,81,2,20,22,18
Dalibor Dvorsky,2025-26,STL,R,71,12,9,21,-6
Mark Jankowski,2025-26,CAR,L,68,11,10,21,7
Michael Misa,2025-26,SJS,C,45,9,12,21,-2
Ryan Strome,2025-26,"ANA, CGY",C,52,8,13,21,-8
Alexandre Texier,2025-26,"STL, MTL",L,51,8,13,21,9
Axel Sandin-Pellikka,2025-26,DET,D,68,7,14,21,-20
Ryan McDonagh,2025-26,TBL,D,48,6,15,21,14
Nic Dowd,2025-26,"WSH, VGK",C,75,5,16,21,-4
Adam Lowry,2025-26,WPG,C,70,5,16,21,-6
Tom Willander,2025-26,VAN,D,70,5,16,21,-23
Alex Vlasic,2025-26,CHI,D,81,2,19,21,-16
Scott Laughton,2025-26,"TOR, LAK",C,64,13,7,20,-5
Zemgus Girgensons,2025-26,TBL,C,74,9,11,20,1
Jake Walman,2025-26,EDM,D,53,8,12,20,-17
Philipp Kurashev,2025-26,SJS,C,43,7,13,20,1
Matvei Gridin,2025-26,CGY,R,37,6,14,20,-14
Mikey Anderson,2025-26,LAK,D,80,4,16,20,8
Max Sasson,2025-26,VAN,C,66,13,6,19,-13
Taylor Raddysh,2025-26,NYR,R,68,9,10,19,5
Marco Kasper,2025-26,DET,C,81,9,10,19,-20
Igor Chernyshov,2025-26,SJS,L,28,9,10,19,2
Nino Niederreiter,2025-26,WPG,R,61,8,11,19,-7
Blake Lizotte,2025-26,PIT,C,55,7,12,19,6
Pierre-Luc Dubois,2025-26,WSH,C,29,5,14,19,-4
Oliver Moore,2025-26,CHI,C,51,5,14,19,-15
Dylan DeMelo,2025-26,WPG,D,82,3,16,19,7
Samuel Girard,2025-26,"COL, PIT",D,60,3,16,19,17
Matt Roy,2025-26,WSH,D,79,2,17,19,18
Eric Robinson,2025-26,CAR,L,67,12,6,18,7
Casey Cizikas,2025-26,NYI,C,81,10,8,18,-3
Dakota Joshua,2025-26,TOR,C,55,10,8,18,-2
Michael Eyssimont,2025-26,BOS,C,56,8,10,18,-3
Liam Ohgren,2025-26,"MIN, VAN",L,69,8,10,18,-19
William Carrier,2025-26,CAR,L,70,7,11,18,5
Conor Sheary,2025-26,NYR,L,62,7,11,18,1
Steven Lorentz,2025-26,TOR,C,71,7,11,18,-2
Kyle Palmieri,2025-26,NYI,C,25,6,12,18,-2
Vinnie Hinostroza,2025-26,"MIN, FLA",C,65,6,12,18,-12
Matthew Robertson,2025-26,NYR,D,72,6,12,18,-1
Adam Klapka,2025-26,CGY,R,79,6,12,18,-12
Max Shabanov,2025-26,NYI,R,44,5,13,18,-5
Jonas Brodin,2025-26,MIN,D,62,4,14,18,19
Colton Parayko,2025-26,STL,D,77,4,14,18,-6
Kevin Stenlund,2025-26,UTA,C,80,4,14,18,-9
Kevin Bahl,2025-26,CGY,D,76,4,14,18,2
Ryan Winterton,2025-26,SEA,C,68,4,14,18,0
Marcus Pettersson,2025-26,VAN,D,82,3,15,18,-19
Tyler Kleven,2025-26,OTT,D,70,3,15,18,2
Braden Schneider,2025-26,NYR,D,82,2,16,18,-5
Warren Foegele,2025-26,"LAK, OTT",L,68,13,4,17,0
Tyson Foerster,2025-26,PHI,R,29,13,4,17,8
Teddy Blueger,2025-26,VAN,C,35,9,8,17,-12
Michael McCarron,2025-26,"NSH, MIN",C,79,8,9,17,-16
Kasperi Kapanen,2025-26,EDM,R,41,8,9,17,5
Cole Koepke,2025-26,WPG,L,66,8,9,17,1
Ryker Evans,2025-26,SEA,D,67,8,9,17,5
Tyler Seguin,2025-26,DAL,C,27,7,10,17,10
Jason Dickinson,2025-26,"CHI, EDM",C,64,7,10,17,-10
Berkly Catton,2025-26,SEA,C,66,7,10,17,-8
Phillip Danault,2025-26,"LAK, MTL",C,75,6,11,17,-3
Keegan Kolesar,2025-26,VGK,R,82,6,11,17,-14
Wyatt Kaiser,2025-26,CHI,D,77,6,11,17,-16
Connor Murphy,2025-26,"CHI, EDM",D,80,5,12,17,-2
Oskar Sundqvist,2025-26,STL,C,52,5,12,17,-18
Denver Barkey,2025-26,PHI,C,43,5,12,17,-6
Nick Jensen,2025-26,OTT,D,61,4,13,17,-2
Fedor Svechkov,2025-26,NSH,C,70,4,13,17,-6
Tyler Tucker,2025-26,STL,D,69,3,14,17,-4
Brian Dumoulin,2025-26,LAK,D,82,2,15,17,-1
Radek Faksa,2025-26,DAL,C,58,2,15,17,2
Jalen Chatfield,2025-26,CAR,D,72,2,15,17,15
Zach Whitecloud,2025-26,"VGK, CGY",D,78,2,15,17,-6
Victor Hedman,2025-26,TBL,D,33,1,16,17,-1
Sam Carrick,2025-26,"NYR, BUF",C,73,9,7,16,2
Alex Steeves,2025-26,BOS,C,43,9,7,16,6
Andrew Mangiapane,2025-26,"EDM, CHI",L,62,8,8,16,-21
Tyson Jost,2025-26,NSH,C,69,8,8,16,-21
Jonny Brodzinski,2025-26,NYR,C,55,6,10,16,-1
Adam Pelech,2025-26,NYI,D,82,4,12,16,4
Hendrix Lapierre,2025-26,WSH,C,74,4,12,16,0
Kaedan Korczak,2025-26,VGK,D,78,3,13,16,6
Jake Middleton,2025-26,MIN,D,75,2,14,16,2
Adam Wilsby,2025-26,NSH,D,58,1,15,16,2
Jonas Siegenthaler,2025-26,NJD,D,82,0,16,16,-9
Nick Lardis,2025-26,CHI,L,41,10,5,15,-18
Paul Cotter,2025-26,NJD,L,79,9,6,15,-24
Cole Reinhardt,2025-26,"VGK, FLA",L,59,9,6,15,-2
Kirby Dach,2025-26,MTL,C,37,8,7,15,-2
Tanner Pearson,2025-26,"WPG, BUF",L,56,7,8,15,9
Nick Paul,2025-26,TBL,L,51,7,8,15,-15
Ben Meyers,2025-26,SEA,C,52,7,8,15,-12
Dominic James,2025-26,TBL,C,43,7,8,15,4
Ben Hutton,2025-26,VGK,D,55,6,9,15,2
Lars Eller,2025-26,OTT,C,68,5,10,15,5
Ben Chiarot,2025-26,DET,D,82,5,10,15,-9
Ondrej Palat,2025-26,"NJD, NYI",L,80,5,10,15,-11
Jamie Oleksiak,2025-26,SEA,D,78,5,10,15,9
Will Borgen,2025-26,NYR,D,75,5,10,15,3
Uvis Balinskis,2025-26,FLA,D,54,5,10,15,-13
Nick Foligno,2025-26,"CHI, MIN",L,54,4,11,15,2
Colin Blackwell,2025-26,DAL,C,70,4,11,15,-2
Adam Henrique,2025-26,EDM,C,65,3,12,15,-12
Brenden Dillon,2025-26,NJD,D,82,3,12,15,-13
Nicolas Hague,2025-26,NSH,D,62,3,12,15,-10
Scott Mayfield,2025-26,NYI,D,80,2,13,15,-11
Olli Maatta,2025-26,"UTA, CGY",D,43,2,13,15,-6
Henri Jokiharju,2025-26,BOS,D,41,2,13,15,2
Drew Helleson,2025-26,ANA,D,60,2,13,15,-4
Vladislav Namestnikov,2025-26,WPG,C,60,8,6,14,-13
Miles Wood,2025-26,CBJ,L,54,8,6,14,-10
Beck Malenstyn,2025-26,BUF,L,81,7,7,14,0
Mason Appleton,2025-26,DET,C,65,6,8,14,-4
Michael Rasmussen,2025-26,DET,C,64,6,8,14,-10
Andrew Peeke,2025-26,BOS,D,77,5,9,14,-12
Aatu Räty,2025-26,VAN,C,66,4,10,14,-4
Sam Rinzel,2025-26,CHI,D,54,4,10,14,-7
Nikita Grebenkin,2025-26,PHI,R,55,4,10,14,-7
Ross Johnston,2025-26,ANA,L,62,3,11,14,0
Trevor van Riemsdyk,2025-26,WSH,D,68,3,11,14,6
Troy Stecher,2025-26,"EDM, TOR",D,64,3,11,14,-8
Alex Turcotte,2025-26,LAK,C,62,3,11,14,-8
Rasmus Ristolainen,2025-26,PHI,D,44,1,13,14,10
Dylan Samberg,2025-26,WPG,D,66,1,13,14,5
Sam Dickinson,2025-26,SJS,D,72,1,13,14,-5
Carl Grundstrom,2025-26,PHI,R,47,9,4,13,7
Marcus Foligno,2025-26,MIN,L,56,8,5,13,-12
Alexander Kerfoot,2025-26,UTA,C,34,7,6,13,0
Elmer Soderblom,2025-26,"DET, PIT",L,59,7,6,13,-1
Jeff Skinner,2025-26,SJS,L,32,6,7,13,-8
Gavin Brindley,2025-26,COL,C,56,6,7,13,2
Colton Dach,2025-26,"CHI, EDM",C,61,5,8,13,-15
Logan Mailloux,2025-26,STL,D,67,5,8,13,-10
Jesper Boqvist,2025-26,FLA,C,73,4,9,13,-11
Nick Perbix,2025-26,NSH,D,79,3,10,13,-14
Jonathan Aspirot,2025-26,BOS,D,61,3,10,13,30
Radko Gudas,2025-26,ANA,D,56,2,11,13,-2
Emil Andrae,2025-26,PHI,D,61,2,11,13,15
Jeremy Lauzon,2025-26,VGK,D,68,1,12,13,-3
Cole Smith,2025-26,"NSH, VGK",R,63,8,4,12,-7
Danton Heinen,2025-26,"PIT, CBJ",L,46,6,6,12,7
Brayden McNabb,2025-26,VGK,D,63,5,7,12,2
Barclay Goodrow,2025-26,SJS,C,82,5,7,12,-18
Carson Soucy,2025-26,"NYR, NYI",D,76,5,7,12,-6
Oskar Bäck,2025-26,DAL,C,72,5,7,12,10
Shakir Mukhamadullin,2025-26,SJS,D,50,5,7,12,-3
Isac Lundeström,2025-26,CBJ,C,68,4,8,12,-2
Yan Kuznetsov,2025-26,CGY,D,57,4,8,12,-8
Ian Moore,2025-26,ANA,D,67,4,8,12,-14
Emil Lilleberg,2025-26,TBL,D,50,4,8,12,15
Neal Pionk,2025-26,WPG,D,51,3,9,12,1
Ty Emberson,2025-26,EDM,D,72,2,10,12,-1
Jayden Struble,2025-26,MTL,D,59,2,10,12,4
Gustav Nyquist,2025-26,WPG,R,51,1,11,12,-8
Brett Kulak,2025-26,"EDM, PIT, COL",D,83,1,11,12,-4
Matt Grzelcyk,2025-26,CHI,D,69,0,12,12,-9
Colton Sissons,2025-26,VGK,C,66,6,5,11,-11
Dante Fabbro,2025-26,CBJ,D,74,5,6,11,-16
Nico Sturm,2025-26,MIN,C,49,5,6,11,0
Nathan Walker,2025-26,STL,L,46,4,7,11,-9
Alexey Toropchenko,2025-26,STL,R,65,4,7,11,-11
Stephen Halliday,2025-26,OTT,C,30,4,7,11,0
Erik Cernak,2025-26,TBL,D,61,3,8,11,3
Niko Mikkola,2025-26,FLA,D,68,3,8,11,-1
Nils Lundkvist,2025-26,DAL,D,52,3,8,11,12
Albert Johansson,2025-26,DET,D,82,3,8,11,-18
Mathieu Joseph,2025-26,"STL, LAK",R,51,2,9,11,-7
Ty Dellandrea,2025-26,SJS,C,46,2,9,11,-18
Kaiden Guhle,2025-26,MTL,D,39,2,9,11,5
Ryan Ufko,2025-26,NSH,D,18,2,9,11,0
Tyler Myers,2025-26,"VAN, DAL",D,73,1,10,11,-23
Timothy Liljegren,2025-26,"SJS, WSH",D,47,1,10,11,-7
Pavol Regenda,2025-26,SJS,L,24,9,1,10,-4
Isak Rosen,2025-26,"BUF, WPG",R,37,6,4,10,-5
Nick Seeler,2025-26,PHI,D,80,4,6,10,1
Luke Kunin,2025-26,FLA,C,62,4,6,10,-6
Porter Martone,2025-26,PHI,R,9,4,6,10,4
Rodrigo Abols,2025-26,PHI,C,42,3,7,10,-1
Jeffrey Viel,2025-26,"BOS, ANA",L,45,3,7,10,-3
Elias Pettersson,2025-26,VAN,D,70,3,7,10,-16
Otto Stenberg,2025-26,STL,C,32,3,7,10,3
Cole Hutson,2025-26,WSH,D,14,3,7,10,-3
Alexander Petrovic,2025-26,DAL,D,54,2,8,10,2
Spencer Stastney,2025-26,"NSH, EDM",D,66,2,8,10,-11
Noah Juulsen,2025-26,PHI,D,52,1,9,10,3
Max Crozier,2025-26,TBL,D,35,1,9,10,7
Joel Nystrom,2025-26,CAR,D,38,1,9,10,6
Zakhar Bardakov,2025-26,COL,C,60,1,9,10,6
Nick Bjugstad,2025-26,"STL, NJD",C,61,6,3,9,-11
Frank Vatrano,2025-26,ANA,R,50,5,4,9,-15
Samuel Helenius,2025-26,LAK,C,53,5,4,9,-6
Alex Bump,2025-26,PHI,L,17,5,4,9,3
Ryan Lomberg,2025-26,CGY,L,57,4,5,9,-4
Noah Gregor,2025-26,FLA,L,37,4,5,9,-10
Brandon Duhaime,2025-26,WSH,L,82,4,5,9,-2
Zayne Parekh,2025-26,CGY,D,37,4,5,9,-9
Brandon Saad,2025-26,VGK,L,49,3,6,9,-7
Joel Kiviranta,2025-26,COL,L,51,3,6,9,7
Alexander Holtz,2025-26,VGK,R,28,3,6,9,-1
Jeff Malott,2025-26,LAK,L,58,3,6,9,-9
Anton Frondell,2025-26,CHI,C,12,3,6,9,-1
Luke Glendening,2025-26,"NJD, PHI",C,70,2,7,9,-7
Ryan Lindgren,2025-26,SEA,D,76,2,7,9,-2
Jesperi Kotkaniemi,2025-26,CAR,C,42,2,7,9,3
Mike Reilly,2025-26,CAR,D,42,1,8,9,11
Cody Ceci,2025-26,LAK,D,82,1,8,9,-10
Ilya Lyubushkin,2025-26,DAL,D,53,1,8,9,1
Nikita Nesterenko,2025-26,ANA,C,29,1,8,9,-2
Jeff Petry,2025-26,"FLA, MIN",D,67,0,9,9,-15
Justin Barron,2025-26,NSH,D,52,0,9,9,-1
Calle Jarnkrok,2025-26,TOR,C,56,6,2,8,-15
Adam Erne,2025-26,DAL,L,45,6,2,8,1
Reid Schaefer,2025-26,NSH,L,47,6,2,8,-12
Kevin Hayes,2025-26,PIT,R,28,4,4,8,-1
Sonny Milano,2025-26,WSH,L,31,4,4,8,0
Lian Bichsel,2025-26,DAL,D,50,4,4,8,6
Samuel Blais,2025-26,"TOR, MTL",L,21,3,5,8,2
Jansen Harkins,2025-26,ANA,C,44,3,5,8,-6
Lukas Reichel,2025-26,"CHI, VAN, BOS",L,29,3,5,8,-2
Nick DeSimone,2025-26,UTA,D,40,2,6,8,4
Jacob Bryson,2025-26,"BUF, WPG",D,50,2,6,8,-9
Lenni Hameenaho,2025-26,NJD,R,33,2,6,8,-3
Jaccob Slavin,2025-26,CAR,D,39,1,7,8,8
Mattias Janmark,2025-26,EDM,C,43,1,7,8,-8
Ilya Solovyov,2025-26,"COL, PIT",D,30,1,7,8,0
Conor Timmins,2025-26,BUF,D,39,0,8,8,-8
Johnathan Kovacevic,2025-26,NJD,D,34,0,8,8,0
Donovan Sebrango,2025-26,"OTT, FLA",D,42,0,8,8,-5
Nathan Bastian,2025-26,DAL,R,36,6,1,7,4
Cole Schwindt,2025-26,FLA,R,29,5,2,7,2
William Karlsson,2025-26,VGK,C,14,4,3,7,-1
Trent Frederic,2025-26,EDM,C,74,4,3,7,-15
Zack Ostapchuk,2025-26,SJS,C,59,4,3,7,-11
Jani Nyman,2025-26,SEA,R,28,4,3,7,-5
Stefan Noesen,2025-26,NJD,R,38,3,4,7,-12
John Beecher,2025-26,"BOS, CGY",C,35,3,4,7,-6
Landon Slaggert,2025-26,CHI,L,53,3,4,7,-2
Taylor Ward,2025-26,LAK,R,36,3,4,7,0
Marc Gatcomb,2025-26,NYI,C,49,3,4,7,-3
Daniil But,2025-26,UTA,L,29,3,4,7,1
Kyle MacLean,2025-26,NYI,C,59,2,5,7,-6
Ville Koivunen,2025-26,PIT,R,39,2,5,7,-10
Hunter Brzustewicz,2025-26,CGY,D,34,2,5,7,0
Nate Danielson,2025-26,DET,C,28,2,5,7,-7
Luke Schenn,2025-26,"WPG, BUF",D,50,1,6,7,-12
Nick Leddy,2025-26,SJS,D,32,1,6,7,-9
Brett Pesce,2025-26,NJD,D,37,1,6,7,-11
Vincent Desharnais,2025-26,SJS,D,53,1,6,7,7
Declan Chisholm,2025-26,WSH,D,26,1,6,7,3
Brayden Pachal,2025-26,CGY,D,39,1,6,7,-1
Joel Hanley,2025-26,CGY,D,68,0,7,7,-5
Brandon Carlo,2025-26,TOR,D,55,0,7,7,4
Jack St. Ivany,2025-26,PIT,D,20,0,7,7,4
Curtis Lazar,2025-26,EDM,C,45,4,2,6,-3
Jaroslav Chmelar,2025-26,NYR,R,28,4,2,6,-2
Brad Lambert,2025-26,WPG,C,25,3,3,6,-5
Rutger McGroarty,2025-26,PIT,R,24,3,3,6,-3
Zach Bogosian,2025-26,MIN,D,41,2,4,6,8
Brendan Gaunce,2025-26,CBJ,C,25,2,4,6,-1
Connor Clifton,2025-26,PIT,D,50,2,4,6,5
David Kampf,2025-26,"VAN, WSH",C,40,2,4,6,-13
Mike Benning,2025-26,FLA,D,18,2,4,6,-4
Tyson Kozak,2025-26,BUF,C,46,2,4,6,-1
Zach Metsa,2025-26,BUF,D,43,2,4,6,16
Jordan Greenway,2025-26,BUF,L,40,1,5,6,-10
Pierre-Olivier Joseph,2025-26,VAN,D,31,1,5,6,-16
Urho Vaakanainen,2025-26,NYR,D,34,0,6,6,0
Simon Benoit,2025-26,TOR,D,73,0,6,6,-22
Daemon Hunt,2025-26,MIN,D,32,0,6,6,-3
Scott Morrow,2025-26,NYR,D,29,0,6,6,-5
Avery Hayes,2025-26,PIT,R,16,5,0,5,-4
Zachary L'Heureux,2025-26,NSH,L,25,4,1,5,3
Max Jones,2025-26,EDM,L,21,3,2,5,3
Bo Groulx,2025-26,TOR,C,13,3,2,5,4
Adam Edstrom,2025-26,NYR,C,35,3,2,5,1
Jiri Kulich,2025-26,BUF,C,12,3,2,5,-4
Sandis Vilmanis,2025-26,FLA,L,19,3,2,5,-1
Arttu Hyry,2025-26,DAL,R,20,3,2,5,1
David Tomasek,2025-26,EDM,R,22,3,2,5,-6
Robby Fabbri,2025-26,"STL, MIN",C,21,2,3,5,-4
Kyle Capobianco,2025-26,DAL,D,33,2,3,5,1
Joseph Veleno,2025-26,MTL,C,61,2,3,5,-12
Nils Hoglander,2025-26,VAN,L,38,2,3,5,-4
Jack Finley,2025-26,"TBL, STL",C,44,2,3,5,2
Jacob Melanson,2025-26,SEA,R,36,2,3,5,-9
Isaac Howard,2025-26,EDM,L,29,2,3,5,-6
Tim Washe,2025-26,ANA,C,39,2,3,5,-6
Scott Sabourin,2025-26,TBL,R,26,1,4,5,1
Zach Aston-Reese,2025-26,CBJ,L,27,1,4,5,-1
Jacob Bernard-Docker,2025-26,DET,D,63,1,4,5,0
Ozzy Wiesblatt,2025-26,NSH,C,40,1,4,5,-6
Arshdeep Bains,2025-26,VAN,L,28,1,4,5,-3
Elias Salomonsson,2025-26,WPG,D,32,1,4,5,-6
Tanner Laczynski,2025-26,VGK,C,10,0,5,5,0
Nikolas Matinpalo,2025-26,OTT,D,50,0,5,5,-1
Liam O'Brien,2025-26,UTA,C,38,3,1,4,-6
Adam Sykora,2025-26,NYR,L,11,3,1,4,0
Tomas Nosek,2025-26,FLA,L,21,2,2,4,-8
Haydn Fleury,2025-26,WPG,D,38,2,2,4,-18
John Leonard,2025-26,DET,L,11,2,2,4,-3
Tobias Bjornfot,2025-26,FLA,D,19,2,2,4,1
Samuel Honzek,2025-26,CGY,L,18,2,2,4,1
Theo Lindstein,2025-26,STL,D,17,2,2,4,6
Josh Samanski,2025-26,EDM,C,24,2,2,4,2
Maksim Tsyplakov,2025-26,"NYI, NJD",R,49,2,2,4,-17
Mackenzie MacEachern,2025-26,VAN,L,8,1,3,4,0
Filip Hallander,2025-26,PIT,C,13,1,3,4,4
Curtis Douglas,2025-26,"TBL, VAN",C,43,1,3,4,-3
Josh Dunne,2025-26,BUF,C,34,1,3,4,-7
Arber Xhekaj,2025-26,MTL,D,65,1,3,4,-8
Konsta Helenius,2025-26,BUF,C,9,1,3,4,1
Ilya Protas,2025-26,WSH,L,4,1,3,4,1
Colton White,2025-26,NJD,D,23,0,4,4,2
Adam Boqvist,2025-26,NYI,D,28,0,4,4,-9
Jared Wright,2025-26,LAK,R,23,0,4,4,0
Ryan Reaves,2025-26,SJS,R,50,3,0,3,-12
Dominik Shine,2025-26,DET,R,18,3,0,3,0
Filip Chytil,2025-26,VAN,C,12,3,0,3,-7
Bradly Nadeau,2025-26,CAR,L,12,3,0,3,1
Noah Philp,2025-26,"EDM, CAR",C,17,2,1,3,-7
Juuso Parssinen,2025-26,NYR,C,20,2,1,3,4
Matthew Kessel,2025-26,STL,D,29,2,1,3,1
Brennan Othmann,2025-26,"NYR, CGY",L,19,2,1,3,-8
Jonathan Lekkerimäki,2025-26,VAN,R,13,2,1,3,-3
Ivan Miroshnichenko,2025-26,WSH,L,13,2,1,3,1
Erik Gudbranson,2025-26,CBJ,D,37,1,2,3,6
Mathew Dumba,2025-26,PIT,D,11,1,2,3,-5
Garnet Hathaway,2025-26,PHI,R,66,1,2,3,-6
Josh Mahura,2025-26,SEA,D,23,1,2,3,8
Cale Fleury,2025-26,SEA,D,23,1,2,3,1
Ben Jones,2025-26,MIN,C,28,1,2,3,-10
Jordan Harris,2025-26,BOS,D,8,1,2,3,0
Martin Pospisil,2025-26,CGY,C,22,1,2,3,-4
Vladislav Kolyachonok,2025-26,"DAL, BOS",D,13,1,2,3,2
Declan Carlile,2025-26,TBL,D,42,1,2,3,5
Conor Geekie,2025-26,TBL,C,14,1,2,3,-3
Joakim Kemell,2025-26,NSH,R,16,1,2,3,2
Jacob Quillan,2025-26,TOR,C,23,1,2,3,-5
Brandon Tanev,2025-26,UTA,L,56,0,3,3,-15
Jonah Gadjovich,2025-26,FLA,L,10,0,3,3,2
Alec Regula,2025-26,EDM,D,29,0,3,3,-16
Jake Christiansen,2025-26,CBJ,D,40,0,3,3,-7
Egor Zamula,2025-26,"PHI, CBJ",D,33,0,3,3,6
Marshall Warren,2025-26,NYI,D,8,0,3,3,0
Lassi Thomson,2025-26,OTT,D,11,0,3,3,3
Vincent Iorio,2025-26,"SJS, NYR",D,27,0,3,3,-4
Marek Alscher,2025-26,FLA,D,4,0,3,3,4
Victor Mancini,2025-26,VAN,D,24,0,3,3,-12
Tyler Pitlick,2025-26,MIN,C,32,2,0,2,-4
Justin Holl,2025-26,STL,D,9,1,1,2,5
Justin Kirkland,2025-26,CGY,C,20,1,1,2,1
Sam Lafferty,2025-26,CHI,C,29,1,1,2,-2
Jake Bean,2025-26,CGY,D,16,1,1,2,-7
Olle Lycksell,2025-26,OTT,R,7,1,1,2,-2
Hugh McGing,2025-26,STL,L,3,1,1,2,0
Andre Lee,2025-26,LAK,L,7,1,1,2,-2
Hunter Haight,2025-26,MIN,C,9,1,1,2,-5
Brian Halonen,2025-26,NJD,L,15,1,1,2,-1
Oliver Bonk,2025-26,PHI,D,1,1,1,2,1
Charles Alexis Legault,2025-26,CAR,D,12,1,1,2,5
Carter Yakemchuk,2025-26,OTT,D,4,1,1,2,-1
Sacha Boisvert,2025-26,CHI,C,7,1,1,2,-1
Brendan Smith,2025-26,CBJ,D,15,0,2,2,-1
Travis Hamonic,2025-26,DET,D,26,0,2,2,-11
Nicolas Deslauriers,2025-26,"PHI, CAR",L,31,0,2,2,-3
Chris Tanev,2025-26,TOR,D,11,0,2,2,8
Colin Miller,2025-26,WPG,D,18,0,2,2,-8
Nicolas Aube-Kubel,2025-26,MIN,R,6,0,2,2,1
Juho Lammikko,2025-26,NJD,C,24,0,2,2,-4
Philippe Myers,2025-26,TOR,D,39,0,2,2,-10
Dennis Cholowski,2025-26,NJD,D,17,0,2,2,-6
Michael Kesselring,2025-26,BUF,D,34,0,2,2,0
Logan O'Connor,2025-26,COL,R,13,0,2,2,-1
Jack Ahcan,2025-26,COL,D,11,0,2,2,2
Kevin Korchinski,2025-26,CHI,D,13,0,2,2,-4
Kirill Kudryavtsev,2025-26,VAN,D,3,0,2,2,2
Oscar Fisker Molgaard,2025-26,SEA,C,13,0,2,2,2
Drew Fortescue,2025-26,NYR,D,9,0,2,2,4
Wilmer Skoog,2025-26,FLA,C,3,0,2,2,3
Evgenii Dadonov,2025-26,NJD,L,24,1,0,1,-6
Ryan Graves,2025-26,PIT,D,22,1,0,1,-3
Dakota Mermis,2025-26,TOR,D,11,1,0,1,-3
Cameron Hughes,2025-26,DAL,C,3,1,0,1,2
Kevin Rooney,2025-26,UTA,C,1,1,0,1,1
Riley Tufte,2025-26,BOS,L,4,1,0,1,-1
Matt Luff,2025-26,STL,R,5,1,0,1,-2
Angus Crookshank,2025-26,NJD,C,8,1,0,1,1
Nolan Foote,2025-26,FLA,L,12,1,0,1,-4
Sam Colangelo,2025-26,ANA,R,9,1,0,1,-3
Ethan Cardwell,2025-26,SJS,R,7,1,0,1,-3
Mikael Pyyhtia,2025-26,CBJ,L,5,1,0,1,-1
Matt Rempe,2025-26,NYR,C,26,1,0,1,-4
Owen Beck,2025-26,MTL,C,15,1,0,1,4
Tristan Luneau,2025-26,ANA,D,1,1,0,1,2
Matthew Poitras,2025-26,BOS,C,3,1,0,1,1
Angus Booth,2025-26,LAK,D,1,1,0,1,1
Travis Mitchell,2025-26,NYI,D,9,1,0,1,0
Ty Mueller,2025-26,VAN,C,6,1,0,1,1
Connor Clattenburg,2025-26,EDM,C,5,1,0,1,1
Harrison Brunicke,2025-26,PIT,D,9,1,0,1,-4
Quinn Hutson,2025-26,EDM,R,4,1,0,1,-1
Tyson Gross,2025-26,CGY,C,6,1,0,1,-2
Dominic Toninato,2025-26,CHI,C,8,0,1,1,0
Kurtis MacDermid,2025-26,OTT,L,19,0,1,1,-5
Anton Blidh,2025-26,NYR,L,4,0,1,1,1
Steven Santini,2025-26,TBL,D,12,0,1,1,1
Dysin Mayo,2025-26,CBJ,D,3,0,1,1,1
Caleb Jones,2025-26,PIT,D,7,0,1,1,1
Dennis Gilbert,2025-26,OTT,D,8,0,1,1,0
Patrik Laine,2025-26,MTL,L,5,0,1,1,-3
Keaton Middleton,2025-26,COL,D,3,0,1,1,-1
Joona Koppanen,2025-26,PIT,L,13,0,1,1,-2
Alex Barré-Boulet,2025-26,COL,C,2,0,1,1,0
Jonas Rondbjerg,2025-26,VGK,R,4,0,1,1,-2
Cameron Crotty,2025-26,OTT,D,6,0,1,1,0
Patrick Giles,2025-26,SJS,R,3,0,1,1,1
Alexander Romanov,2025-26,NYI,D,15,0,1,1,-7
Arthur Kaliyev,2025-26,OTT,R,2,0,1,1,0
Philip Tomasino,2025-26,PIT,R,9,0,1,1,-2
Victor Soderstrom,2025-26,BOS,D,8,0,1,1,3
Mitchell Chaffee,2025-26,TBL,R,11,0,1,1,-2
Brendan Brisson,2025-26,NYR,C,3,0,1,1,-1
Maxim Groshev,2025-26,TBL,D,2,0,1,1,1
Matt Kiersted,2025-26,MIN,D,6,0,1,1,0
Justin Robidas,2025-26,CAR,C,2,0,1,1,0
Ethan Del Mastro,2025-26,CHI,D,19,0,1,1,-11
Tristen Nielsen,2025-26,COL,C,4,0,1,1,1
Luca Del Bel Belluz,2025-26,CBJ,C,14,0,1,1,-2
Isaiah George,2025-26,NYI,D,4,0,1,1,1
Maveric Lamoureux,2025-26,UTA,D,5,0,1,1,4
Danil Zhilkin,2025-26,WPG,C,6,0,1,1,3
Adam Engstrom,2025-26,MTL,D,15,0,1,1,2
Cole O'Hara,2025-26,NSH,R,1,0,1,1,1
Ludvig Jansson,2025-26,FLA,D,4,0,1,1,2
Jared Davidson,2025-26,MTL,C,10,0,1,1,-4
Hunter McDonald,2025-26,PHI,D,1,0,1,1,3
Ivan Ivan,2025-26,COL,C,9,0,1,1,1
Parker Ford,2025-26,WPG,C,15,0,1,1,-2
David Reinbacher,2025-26,MTL,D,2,0,1,1,0
Aydar Suniev,2025-26,CGY,L,6,0,1,1,0
Dmitri Simashev,2025-26,UTA,D,28,0,1,1,-11
Felix Unger Sorum,2025-26,CAR,R,1,0,1,1,1
Florian Xhekaj,2025-26,MTL,L,5,0,1,1,-1
Michael Brandsegg-Nygård,2025-26,DET,R,14,0,1,1,-5
Mikulas Hovorka,2025-26,FLA,D,4,0,1,1,-1
Victor Eklund,2025-26,NYI,R,1,0,1,1,0
James Hagens,2025-26,BOS,C,2,0,1,1,1
Brady Martin,2025-26,NSH,C,3,0,1,1,0
Luke Haymes,2025-26,TOR,C,4,0,1,1,-2
Dmitry Kulikov,2025-26,FLA,D,19,0,0,0,-5
Garrett Wilson,2025-26,PHI,L,3,0,0,0,0
Justin Dowling,2025-26,NYR,C,2,0,0,0,-1
Andrew Agozzino,2025-26,UTA,L,2,0,0,0,0
Derek Forbort,2025-26,VAN,D,2,0,0,0,0
Dylan McIlrath,2025-26,WSH,D,13,0,0,0,-1
Kevin Gravel,2025-26,NSH,D,1,0,0,0,0
T.J. Tynan,2025-26,COL,C,1,0,0,0,1
Joseph LaBate,2025-26,VAN,C,1,0,0,0,-1
Erik Gustafsson,2025-26,DET,D,2,0,0,0,-2
Matthew Benning,2025-26,TOR,D,1,0,0,0,0
Jaycob Megna,2025-26,VGK,D,4,0,0,0,-5
John Hayden,2025-26,SEA,C,3,0,0,0,-1
Mason Geertsen,2025-26,BUF,L,5,0,0,0,-1
Jordan Oesterle,2025-26,NSH,D,1,0,0,0,-1
Andreas Englund,2025-26,NSH,D,3,0,0,0,-1
Bokondji Imama,2025-26,PIT,L,2,0,0,0,0
Hayden Hodgson,2025-26,OTT,R,10,0,0,0,-2
Dryden Hunt,2025-26,CGY,L,3,0,0,0,-3
Anthony Richard,2025-26,PHI,C,1,0,0,0,0
Lane Pederson,2025-26,PHI,C,5,0,0,0,0
Boris Katchouk,2025-26,TBL,L,3,0,0,0,0
Riley Stillman,2025-26,EDM,D,4,0,0,0,1
Jacob Moverare,2025-26,LAK,D,15,0,0,0,-4
Michael Pezzetta,2025-26,TOR,L,9,0,0,0,-4
Dylan Coghlan,2025-26,VGK,D,3,0,0,0,1
Zack MacEwen,2025-26,NJD,R,3,0,0,0,0
Justin Danforth,2025-26,BUF,R,4,0,0,0,-2
Jack Studnicka,2025-26,FLA,C,19,0,0,0,-6
Skyler Brind'Amour,2025-26,CAR,C,4,0,0,0,-2
Sheldon Dries,2025-26,DET,C,5,0,0,0,0
Michael Callahan,2025-26,BOS,D,5,0,0,0,-1
Liam Foudy,2025-26,NYI,C,1,0,0,0,0
Adam Ginning,2025-26,PHI,D,5,0,0,0,0
Josiah Slavin,2025-26,CAR,L,2,0,0,0,1
Rafael Harvey-Pinard,2025-26,PIT,L,1,0,0,0,1
Brett Leason,2025-26,WSH,R,6,0,0,0,-2
Raphael Lavoie,2025-26,VGK,C,1,0,0,0,0
Simon Lundmark,2025-26,TBL,D,1,0,0,0,1
Domenick Fensore,2025-26,CAR,D,1,0,0,0,-2
Ryan Johnson,2025-26,BUF,D,3,0,0,0,0
Henry Thrun,2025-26,TOR,D,4,0,0,0,-1
Ville Heinola,2025-26,WPG,D,5,0,0,0,0
Samuel Poulin,2025-26,PIT,R,2,0,0,0,-2
Jakob Pelletier,2025-26,TBL,L,5,0,0,0,-1
Nathan Légaré,2025-26,NJD,R,1,0,0,0,0
Matej Blümel,2025-26,BOS,R,4,0,0,0,-3
Hunter Skinner,2025-26,STL,D,1,0,0,0,1
Jacob Gaucher,2025-26,PHI,C,4,0,0,0,-1
Connor Mackey,2025-26,NYR,D,3,0,0,0,-3
Brett Berard,2025-26,NYR,L,13,0,0,0,-1
Roby Jarventie,2025-26,EDM,L,3,0,0,0,-1
Bogdan Trineyev,2025-26,WSH,R,2,0,0,0,0
William Villeneuve,2025-26,TOR,D,3,0,0,0,1
Ronan Seeley,2025-26,CAR,D,1,0,0,0,0
Isaak Phillips,2025-26,WPG,D,3,0,0,0,0
Rory Kerins,2025-26,CGY,C,4,0,0,0,-1
Trevor Kuntar,2025-26,BUF,C,1,0,0,0,-1
Nils Aman,2025-26,VAN,C,2,0,0,0,0
Ryan Tverberg,2025-26,TOR,C,2,0,0,0,1
Daniil Miromanov,2025-26,CGY,D,1,0,0,0,0
Walker Duehr,2025-26,WPG,R,3,0,0,0,-1
Dylan Duke,2025-26,TBL,L,1,0,0,0,-1
Xavier Bourgault,2025-26,OTT,R,2,0,0,0,-1
Tristan Broz,2025-26,PIT,C,1,0,0,0,-1
Tyson Hinds,2025-26,ANA,D,6,0,0,0,1
Joshua Roy,2025-26,MTL,R,3,0,0,0,0
William Stromgren,2025-26,CGY,L,3,0,0,0,-1
Carson Lambos,2025-26,MIN,D,1,0,0,0,1
Nikita Chibrikov,2025-26,WPG,R,11,0,0,0,0
Carter Mazur,2025-26,DET,L,8,0,0,0,-3
Ty Murchison,2025-26,PHI,D,3,0,0,0,1
Topias Vilen,2025-26,NJD,D,2,0,0,0,1
Shane Lachance,2025-26,NJD,L,1,0,0,0,0
Taylor Makar,2025-26,COL,L,12,0,0,0,0
Marc McLaughlin,2025-26,NJD,C,7,0,0,0,-2
Seamus Casey,2025-26,NJD,D,2,0,0,0,-3
Jack Devine,2025-26,FLA,R,6,0,0,0,-3
Jorian Donovan,2025-26,OTT,D,2,0,0,0,0
Nathan Gaucher,2025-26,ANA,C,3,0,0,0,-1
David Jiricek,2025-26,"MIN, PHI",D,26,0,0,0,0
Aleksanteri Kaskimaki,2025-26,STL,C,5,0,0,0,-6
Owen Pickering,2025-26,PIT,D,4,0,0,0,-3
Marshall Rifai,2025-26,TOR,D,1,0,0,0,0
Georgii Merkulov,2025-26,BOS,C,1,0,0,0,-1
Kenny Connors,2025-26,LAK,C,2,0,0,0,-1
Abram Wiebe,2025-26,CGY,D,4,0,0,0,0
David Spacek,2025-26,MIN,D,2,0,0,0,-1
Xavier Parent,2025-26,NJD,C,5,0,0,0,-1
Luca Cagnoni,2025-26,SJS,D,3,0,0,0,0
Luca Pinelli,2025-26,CBJ,C,3,0,0,0,-1
Brayden Yager,2025-26,WPG,C,3,0,0,0,0
Jason Polin,2025-26,COL,R,4,0,0,0,1
Cole McWard,2025-26,NYI,D,3,0,0,0,1
Jett Luchanko,2025-26,PHI,C,4,0,0,0,-3
Sam Morton,2025-26,CGY,C,3,0,0,0,-1
Kai Uchacz,2025-26,VGK,C,3,0,0,0,-1
Braeden Cootes,2025-26,VAN,C,3,0,0,0,-2
Viking Gustafsson Nyberg,2025-26,MIN,D,2,0,0,0,1
Jake Livanavage,2025-26,PIT,D,1,0,0,0,-2
